,area,data
1,1959,315
2,1959.083333,316
3,1959.166667,316
4,1959.25,317
5,1959.333333,318
6,1959.416667,318
7,1959.5,316
8,1959.583333,314
9,1959.666667,313
10,1959.75,313
11,1959.833333,314
12,1959.916667,315
13,1960,316
14,1960.083333,316
15,1960.166667,317
16,1960.25,318
17,1960.333333,319
18,1960.416667,319
19,1960.5,318
20,1960.583333,315
21,1960.666667,314
22,1960.75,313
23,1960.833333,313
24,1960.916667,316
25,1961,316
26,1961.083333,317
27,1961.166667,318
28,1961.25,319
29,1961.333333,320
30,1961.416667,319
31,1961.5,318
32,1961.583333,316
33,1961.666667,314
34,1961.75,315
35,1961.833333,315
36,1961.916667,316
37,1962,317
38,1962.083333,318
39,1962.166667,319
40,1962.25,320
41,1962.333333,320
42,1962.416667,320
43,1962.5,319
44,1962.583333,317
45,1962.666667,316
46,1962.75,315
47,1962.833333,316
48,1962.916667,317
49,1963,318
50,1963.083333,318
51,1963.166667,319
52,1963.25,321
53,1963.333333,322
54,1963.416667,321
55,1963.5,319
56,1963.583333,317
57,1963.666667,316
58,1963.75,315
59,1963.833333,316
60,1963.916667,318
61,1964,319
62,1964.083333,320
63,1964.166667,320
64,1964.25,321
65,1964.333333,322
66,1964.416667,321
67,1964.5,320
68,1964.583333,318
69,1964.666667,316
70,1964.75,316
71,1964.833333,317
72,1964.916667,318
73,1965,319
74,1965.083333,320
75,1965.166667,320
76,1965.25,321
77,1965.333333,322
78,1965.416667,321
79,1965.5,321
80,1965.583333,318
81,1965.666667,317
82,1965.75,317
83,1965.833333,318
84,1965.916667,319
85,1966,320
86,1966.083333,321
87,1966.166667,322
88,1966.25,323
89,1966.333333,323
90,1966.416667,323
91,1966.5,322
92,1966.583333,320
93,1966.666667,318
94,1966.75,317
95,1966.833333,319
96,1966.916667,320
97,1967,322
98,1967.083333,322
99,1967.166667,322
100,1967.25,324
101,1967.333333,324
102,1967.416667,323
103,1967.5,322
104,1967.583333,320
105,1967.666667,319
106,1967.75,319
107,1967.833333,320
108,1967.916667,321
109,1968,322
110,1968.083333,322
111,1968.166667,323
112,1968.25,324
113,1968.333333,325
114,1968.416667,325
115,1968.5,323
116,1968.583333,321
117,1968.666667,320
118,1968.75,320
119,1968.833333,321
120,1968.916667,322
121,1969,323
122,1969.083333,324
123,1969.166667,325
124,1969.25,326
125,1969.333333,327
126,1969.416667,326
127,1969.5,325
128,1969.583333,323
129,1969.666667,322
130,1969.75,321
131,1969.833333,322
132,1969.916667,323
133,1970,324
134,1970.083333,325
135,1970.166667,326
136,1970.25,327
137,1970.333333,327
138,1970.416667,327
139,1970.5,326
140,1970.583333,324
141,1970.666667,322
142,1970.75,322
143,1970.833333,323
144,1970.916667,325
145,1971,326
146,1971.083333,326
147,1971.166667,327
148,1971.25,327
149,1971.333333,328
150,1971.416667,328
151,1971.5,327
152,1971.583333,325
153,1971.666667,323
154,1971.75,323
155,1971.833333,324
156,1971.916667,324
157,1972,326
158,1972.083333,327
159,1972.166667,327
160,1972.25,329
161,1972.333333,329
162,1972.416667,328
163,1972.5,327
164,1972.583333,326
165,1972.666667,324
166,1972.75,325
167,1972.833333,326
168,1972.916667,327
169,1973,328
170,1973.083333,329
171,1973.166667,330
172,1973.25,331
173,1973.333333,332
174,1973.416667,331
175,1973.5,330
176,1973.583333,329
177,1973.666667,327
178,1973.75,327
179,1973.833333,327
180,1973.916667,328
181,1974,329
182,1974.083333,330
183,1974.166667,331
184,1974.25,332
185,1974.333333,332
186,1974.416667,332
187,1974.5,333
188,1974.583333,329
189,1974.666667,327
190,1974.75,327
191,1974.833333,328
192,1974.916667,329
193,1975,330
194,1975.083333,331
195,1975.166667,331
196,1975.25,333
197,1975.333333,333
198,1975.416667,333
199,1975.5,331
200,1975.583333,329
201,1975.666667,328
202,1975.75,328
203,1975.833333,329
204,1975.916667,330
205,1976,331
206,1976.083333,332
207,1976.166667,333
208,1976.25,334
209,1976.333333,334
210,1976.416667,334
211,1976.5,332
212,1976.583333,330
213,1976.666667,329
214,1976.75,328
215,1976.833333,330
216,1976.916667,331
217,1977,332
218,1977.083333,333
219,1977.166667,334
220,1977.25,335
221,1977.333333,336
222,1977.416667,336
223,1977.5,334
224,1977.583333,332
225,1977.666667,331
226,1977.75,330
227,1977.833333,332
228,1977.916667,333
229,1978,334
230,1978.083333,335
231,1978.166667,336
232,1978.25,337
233,1978.333333,337
234,1978.416667,337
235,1978.5,336
236,1978.583333,334
237,1978.666667,332
238,1978.75,332
239,1978.833333,333
240,1978.916667,334
241,1979,336
242,1979.083333,336
243,1979.166667,337
244,1979.25,338
245,1979.333333,339
246,1979.416667,339
247,1979.5,337
248,1979.583333,335
249,1979.666667,333
250,1979.75,333
251,1979.833333,335
252,1979.916667,336
253,1980,337
254,1980.083333,338
255,1980.166667,339
256,1980.25,340
257,1980.333333,341
258,1980.416667,341
259,1980.5,339
260,1980.583333,337
261,1980.666667,335
262,1980.75,335
263,1980.833333,336
264,1980.916667,338
265,1981,339
266,1981.083333,340
267,1981.166667,341
268,1981.25,342
269,1981.333333,342
270,1981.416667,342
271,1981.5,340
272,1981.583333,338
273,1981.666667,336
274,1981.75,336
275,1981.833333,338
276,1981.916667,339
277,1982,340
278,1982.083333,341
279,1982.166667,342
280,1982.25,343
281,1982.333333,343
282,1982.416667,343
283,1982.5,341
284,1982.583333,339
285,1982.666667,337
286,1982.75,337
287,1982.833333,339
288,1982.916667,340
289,1983,341
290,1983.083333,342
291,1983.166667,342
292,1983.25,344
293,1983.333333,345
294,1983.416667,345
295,1983.5,343
296,1983.583333,342
297,1983.666667,339
298,1983.75,339
299,1983.833333,340
300,1983.916667,342
301,1984,343
302,1984.083333,344
303,1984.166667,345
304,1984.25,346
305,1984.333333,347
306,1984.416667,346
307,1984.5,345
308,1984.583333,343
309,1984.666667,340
310,1984.75,341
311,1984.833333,342
312,1984.916667,344
313,1985,344
314,1985.083333,345
315,1985.166667,347
316,1985.25,348
317,1985.333333,348
318,1985.416667,348
319,1985.5,346
320,1985.583333,344
321,1985.666667,342
322,1985.75,342
323,1985.833333,344
324,1985.916667,345
325,1986,346
326,1986.083333,346
327,1986.166667,347
328,1986.25,349
329,1986.333333,350
330,1986.416667,349
331,1986.5,347
332,1986.583333,345
333,1986.666667,344
334,1986.75,343
335,1986.833333,345
336,1986.916667,346
337,1987,347
338,1987.083333,348
339,1987.166667,349
340,1987.25,350
341,1987.333333,351
342,1987.416667,351
343,1987.5,349
344,1987.583333,347
345,1987.666667,346
346,1987.75,346
347,1987.833333,347
348,1987.916667,348
349,1988,350
350,1988.083333,351
351,1988.166667,352
352,1988.25,353
353,1988.333333,354
354,1988.416667,353
355,1988.5,352
356,1988.583333,350
357,1988.666667,348
358,1988.75,348
359,1988.833333,349
360,1988.916667,351
361,1989,352
362,1989.083333,352
363,1989.166667,353
364,1989.25,355
365,1989.333333,355
366,1989.416667,354
367,1989.5,353
368,1989.583333,351
369,1989.666667,349
370,1989.75,349
371,1989.833333,351
372,1989.916667,352
373,1990,353
374,1990.083333,354
375,1990.166667,355
376,1990.25,356
377,1990.333333,357
378,1990.416667,356
379,1990.5,354
380,1990.583333,352
381,1990.666667,350
382,1990.75,350
383,1990.833333,352
384,1990.916667,354
385,1991,354
386,1991.083333,355
387,1991.166667,357
388,1991.25,358
389,1991.333333,359
390,1991.416667,358
391,1991.5,356
392,1991.583333,353
393,1991.666667,352
394,1991.75,352
395,1991.833333,353
396,1991.916667,354
397,1992,355
398,1992.083333,356
399,1992.166667,357
400,1992.25,359
401,1992.333333,359
402,1992.416667,359
403,1992.5,356
404,1992.583333,354
405,1992.666667,352
406,1992.75,353
407,1992.833333,354
408,1992.916667,355
409,1993,356
410,1993.083333,357
411,1993.166667,358
412,1993.25,359
413,1993.333333,360
414,1993.416667,359
415,1993.5,357
416,1993.583333,355
417,1993.666667,353
418,1993.75,353
419,1993.833333,355
420,1993.916667,356
421,1994,358
422,1994.083333,358
423,1994.166667,359
424,1994.25,361
425,1994.333333,361
426,1994.416667,360
427,1994.5,359
428,1994.583333,357
429,1994.666667,355
430,1994.75,356
431,1994.833333,357
432,1994.916667,359
433,1995,359
434,1995.083333,361
435,1995.166667,361
436,1995.25,363
437,1995.333333,363
438,1995.416667,363
439,1995.5,360
440,1995.583333,359
441,1995.666667,358
442,1995.75,357
443,1995.833333,359
444,1995.916667,360
445,1996,362
446,1996.083333,363
447,1996.166667,364
448,1996.25,364
449,1996.333333,365
450,1996.416667,365
451,1996.5,363
452,1996.583333,361
453,1996.666667,359
454,1996.75,359
455,1996.833333,360
456,1996.916667,362
457,1997,363
458,1997.083333,364
459,1997.166667,364
460,1997.25,366
461,1997.333333,366
462,1997.416667,365
463,1997.5,364
464,1997.583333,362
465,1997.666667,360
466,1997.75,360
467,1997.833333,362
468,1997.916667,363
